old_url,new_name
https://wiki.itldc.com/wp-content/uploads/2022/07/Screenshot-2022-07-19-at-11.58.50.png,wiki/legacy/2022-07-Screenshot-2022-07-19-at-11.58.50.png
https://wiki.itldc.com/wp-content/uploads/2022/07/Screenshot-2022-07-19-at-12.57.57.png,wiki/legacy/2022-07-Screenshot-2022-07-19-at-12.57.57.png
https://wiki.itldc.com/wp-content/uploads/2022/06/Screenshot-2022-06-28-at-12.07.44.png,wiki/legacy/2022-06-Screenshot-2022-06-28-at-12.07.44.png
https://wiki.itldc.com/wp-content/uploads/2022/06/Screenshot-2022-06-28-at-12.12.19-1024x624.png,wiki/legacy/2022-06-Screenshot-2022-06-28-at-12.12.19-1024x624.png
https://wiki.itldc.com/wp-content/uploads/2022/06/Screenshot-2022-06-28-at-12.15.21-1024x335.png,wiki/legacy/2022-06-Screenshot-2022-06-28-at-12.15.21-1024x335.png
https://wiki.itldc.com/wp-content/uploads/2022/06/Screenshot-2022-06-28-at-12.23.18-1024x571.png,wiki/legacy/2022-06-Screenshot-2022-06-28-at-12.23.18-1024x571.png
https://wiki.itldc.com/wp-content/uploads/2022/06/Screenshot-2022-06-28-at-12.26.16-1024x571.png,wiki/legacy/2022-06-Screenshot-2022-06-28-at-12.26.16-1024x571.png
https://wiki.itldc.com/wp-content/uploads/2022/06/Screenshot-2022-06-28-at-12.28.27-1024x540.png,wiki/legacy/2022-06-Screenshot-2022-06-28-at-12.28.27-1024x540.png
https://wiki.itldc.com/wp-content/uploads/2022/06/Screenshot-2022-06-28-at-12.30.40.png,wiki/legacy/2022-06-Screenshot-2022-06-28-at-12.30.40.png
https://wiki.itldc.com/wp-content/uploads/2022/06/Screenshot-2022-06-28-at-13.00.52.png,wiki/legacy/2022-06-Screenshot-2022-06-28-at-13.00.52.png
https://wiki.itldc.com/wp-content/uploads/2022/06/Screenshot-2022-06-28-at-13.33.56.png,wiki/legacy/2022-06-Screenshot-2022-06-28-at-13.33.56.png
https://wiki.itldc.com/wp-content/uploads/2022/06/Screenshot-2022-06-28-at-13.38.19-1024x414.png,wiki/legacy/2022-06-Screenshot-2022-06-28-at-13.38.19-1024x414.png
https://wiki.itldc.com/wp-content/uploads/2022/06/Screenshot-2022-06-28-at-13.47.47-1024x330.png,wiki/legacy/2022-06-Screenshot-2022-06-28-at-13.47.47-1024x330.png
https://wiki.itldc.com/wp-content/uploads/2022/06/Screenshot-2022-06-28-at-13.58.10.png,wiki/legacy/2022-06-Screenshot-2022-06-28-at-13.58.10.png
https://wiki.itldc.com/wp-content/uploads/2022/06/Screenshot-2025-01-27-at-13.18.15-1024x317.png,wiki/legacy/2022-06-Screenshot-2025-01-27-at-13.18.15-1024x317.png
https://wiki.itldc.com/wp-content/uploads/2022/06/Screenshot-2025-01-27-at-13.41.51-1024x526.png,wiki/legacy/2022-06-Screenshot-2025-01-27-at-13.41.51-1024x526.png
https://wiki.itldc.com/wp-content/uploads/2022/06/Screenshot-2025-01-27-at-13.47.25-1024x595.png,wiki/legacy/2022-06-Screenshot-2025-01-27-at-13.47.25-1024x595.png
https://wiki.itldc.com/wp-content/uploads/2022/06/Screenshot-2025-01-27-at-13.48.08-1024x702.png,wiki/legacy/2022-06-Screenshot-2025-01-27-at-13.48.08-1024x702.png
https://wiki.itldc.com/wp-content/uploads/2023/08/Screenshot-2023-08-02-at-14.35.40-1024x518.jpg,wiki/legacy/2023-08-Screenshot-2023-08-02-at-14.35.40-1024x518.jpg
https://wiki.itldc.com/wp-content/uploads/2023/08/Screenshot-2023-08-02-at-14.41.50-1024x405.png,wiki/legacy/2023-08-Screenshot-2023-08-02-at-14.41.50-1024x405.png
https://wiki.itldc.com/wp-content/uploads/2023/08/Screenshot-2023-08-02-at-14.42.57-1024x388.png,wiki/legacy/2023-08-Screenshot-2023-08-02-at-14.42.57-1024x388.png
https://wiki.itldc.com/wp-content/uploads/2023/08/Screenshot-2023-08-02-at-14.44.12-1024x609.png,wiki/legacy/2023-08-Screenshot-2023-08-02-at-14.44.12-1024x609.png
https://wiki.itldc.com/wp-content/uploads/2023/08/Screenshot-2023-08-02-at-14.45.46-1024x437.png,wiki/legacy/2023-08-Screenshot-2023-08-02-at-14.45.46-1024x437.png
https://wiki.itldc.com/wp-content/uploads/2023/08/Screenshot-2023-08-02-at-15.00.31-1024x479.png,wiki/legacy/2023-08-Screenshot-2023-08-02-at-15.00.31-1024x479.png
https://wiki.itldc.com/wp-content/uploads/2024/11/Screenshot-2024-11-28-at-15.48.53-1024x949.png,wiki/legacy/2024-11-Screenshot-2024-11-28-at-15.48.53-1024x949.png
https://wiki.itldc.com/wp-content/uploads/2022/08/Screenshot-2022-08-03-at-14.18.39.png,wiki/legacy/2022-08-Screenshot-2022-08-03-at-14.18.39.png
https://wiki.itldc.com/wp-content/uploads/2022/08/Screenshot-2022-08-05-at-12.56.24.png,wiki/legacy/2022-08-Screenshot-2022-08-05-at-12.56.24.png
https://wiki.itldc.com/wp-content/uploads/2022/08/VPN-1-1024x576.jpg,wiki/legacy/2022-08-VPN-1-1024x576.jpg
https://wiki.itldc.com/wp-content/uploads/2024/05/Screenshot-2024-05-15-at-11.35.38-3.png,wiki/legacy/2024-05-Screenshot-2024-05-15-at-11.35.38-3.png
https://wiki.itldc.com/wp-content/uploads/2024/05/Screenshot-2024-05-15-at-11.38.11-4-1024x360.png,wiki/legacy/2024-05-Screenshot-2024-05-15-at-11.38.11-4-1024x360.png
https://wiki.itldc.com/wp-content/uploads/2024/05/Screenshot-2024-05-15-at-14.43.59-1024x146.png,wiki/legacy/2024-05-Screenshot-2024-05-15-at-14.43.59-1024x146.png
https://wiki.itldc.com/wp-content/uploads/2024/08/380560-1.png,wiki/legacy/2024-08-380560-1.png
https://wiki.itldc.com/wp-content/uploads/2024/08/Screenshot-2025-04-11-at-12.19.23-1024x834.png,wiki/legacy/2024-08-Screenshot-2025-04-11-at-12.19.23-1024x834.png
https://wiki.itldc.com/wp-content/uploads/2024/08/Screenshot-2025-04-11-at-12.15.04-1-1024x796.png,wiki/legacy/2024-08-Screenshot-2025-04-11-at-12.15.04-1-1024x796.png
https://wiki.itldc.com/wp-content/uploads/2024/08/Screenshot-2025-04-11-at-12.15.28-1-1024x796.png,wiki/legacy/2024-08-Screenshot-2025-04-11-at-12.15.28-1-1024x796.png
https://wiki.itldc.com/wp-content/uploads/2024/08/1-1024x640.png,wiki/legacy/2024-08-1-1024x640.png
https://wiki.itldc.com/wp-content/uploads/2024/08/2-1024x711.png,wiki/legacy/2024-08-2-1024x711.png
https://wiki.itldc.com/wp-content/uploads/2024/08/Screenshot-2024-08-13-at-17.55.14-1024x763.png,wiki/legacy/2024-08-Screenshot-2024-08-13-at-17.55.14-1024x763.png
https://wiki.itldc.com/wp-content/uploads/2024/08/Screenshot-2024-08-13-at-17.55.30-1024x759.png,wiki/legacy/2024-08-Screenshot-2024-08-13-at-17.55.30-1024x759.png
https://wiki.itldc.com/wp-content/uploads/2024/08/Screenshot-2024-08-13-at-17.56.06-1024x706.png,wiki/legacy/2024-08-Screenshot-2024-08-13-at-17.56.06-1024x706.png
https://wiki.itldc.com/wp-content/uploads/2022/06/Screenshot-2022-06-29-at-11.40.28.png,wiki/legacy/2022-06-Screenshot-2022-06-29-at-11.40.28.png
https://wiki.itldc.com/wp-content/uploads/2022/06/Screenshot-2022-06-29-at-11.44.34.png,wiki/legacy/2022-06-Screenshot-2022-06-29-at-11.44.34.png
https://wiki.itldc.com/wp-content/uploads/2022/06/Screenshot-2022-06-29-at-11.51.04.png,wiki/legacy/2022-06-Screenshot-2022-06-29-at-11.51.04.png
https://wiki.itldc.com/wp-content/uploads/2022/06/Screenshot-2022-06-29-at-11.52.41.png,wiki/legacy/2022-06-Screenshot-2022-06-29-at-11.52.41.png
https://wiki.itldc.com/wp-content/uploads/2022/06/Screenshot-2022-06-29-at-11.59.00.png,wiki/legacy/2022-06-Screenshot-2022-06-29-at-11.59.00.png
https://wiki.itldc.com/wp-content/uploads/2022/06/Screenshot-2022-06-29-at-11.51.35.png,wiki/legacy/2022-06-Screenshot-2022-06-29-at-11.51.35.png
https://wiki.itldc.com/wp-content/uploads/2022/06/Screenshot-2022-06-29-at-11.57.23-1024x335.png,wiki/legacy/2022-06-Screenshot-2022-06-29-at-11.57.23-1024x335.png
https://wiki.itldc.com/wp-content/uploads/2022/06/Screenshot-2022-06-29-at-11.57.51-1024x335.png,wiki/legacy/2022-06-Screenshot-2022-06-29-at-11.57.51-1024x335.png
https://wiki.itldc.com/wp-content/uploads/2022/06/Screenshot-2022-06-29-at-12.24.47.png,wiki/legacy/2022-06-Screenshot-2022-06-29-at-12.24.47.png
https://wiki.itldc.com/wp-content/uploads/2022/06/Screenshot-2022-06-29-at-12.01.40-1-1024x428.png,wiki/legacy/2022-06-Screenshot-2022-06-29-at-12.01.40-1-1024x428.png
https://wiki.itldc.com/wp-content/uploads/2022/06/Screenshot-2022-06-29-at-12.02.31-1024x428.png,wiki/legacy/2022-06-Screenshot-2022-06-29-at-12.02.31-1024x428.png
https://wiki.itldc.com/wp-content/uploads/2022/06/Screenshot-2022-06-29-at-12.07.00-1024x428.png,wiki/legacy/2022-06-Screenshot-2022-06-29-at-12.07.00-1024x428.png
https://wiki.itldc.com/wp-content/uploads/2022/06/Screenshot-2022-06-29-at-12.07.56-1024x428.png,wiki/legacy/2022-06-Screenshot-2022-06-29-at-12.07.56-1024x428.png
https://wiki.itldc.com/wp-content/uploads/2022/06/Screenshot-2022-06-29-at-12.08.26-1024x428.png,wiki/legacy/2022-06-Screenshot-2022-06-29-at-12.08.26-1024x428.png
https://wiki.itldc.com/wp-content/uploads/2022/06/Screenshot-2022-06-29-at-12.09.33-1024x428.png,wiki/legacy/2022-06-Screenshot-2022-06-29-at-12.09.33-1024x428.png
https://wiki.itldc.com/wp-content/uploads/2022/06/Screenshot-2022-06-29-at-12.09.57-1024x428.png,wiki/legacy/2022-06-Screenshot-2022-06-29-at-12.09.57-1024x428.png
https://wiki.itldc.com/wp-content/uploads/2022/06/Screenshot-2022-06-29-at-13.03.23.png,wiki/legacy/2022-06-Screenshot-2022-06-29-at-13.03.23.png
https://wiki.itldc.com/wp-content/uploads/2022/06/Screenshot-2022-06-29-at-13.03.56.png,wiki/legacy/2022-06-Screenshot-2022-06-29-at-13.03.56.png
https://wiki.itldc.com/wp-content/uploads/2022/06/Screenshot-2022-06-29-at-13.05.51-edited.png,wiki/legacy/2022-06-Screenshot-2022-06-29-at-13.05.51-edited.png
https://wiki.itldc.com/wp-content/uploads/2022/06/Screenshot-2022-06-29-at-13.06.13-764x1024.png,wiki/legacy/2022-06-Screenshot-2022-06-29-at-13.06.13-764x1024.png
https://wiki.itldc.com/wp-content/uploads/2022/07/Screenshot-2022-07-26-at-16.03.27.png,wiki/legacy/2022-07-Screenshot-2022-07-26-at-16.03.27.png
https://wiki.itldc.com/wp-content/uploads/2022/07/Screenshot-2022-07-26-at-13.23.29.png,wiki/legacy/2022-07-Screenshot-2022-07-26-at-13.23.29.png
https://wiki.itldc.com/wp-content/uploads/2022/07/Screenshot-2022-07-26-at-13.26.17.png,wiki/legacy/2022-07-Screenshot-2022-07-26-at-13.26.17.png
https://wiki.itldc.com/wp-content/uploads/2022/07/Screenshot-2022-07-26-at-13.26.44.png,wiki/legacy/2022-07-Screenshot-2022-07-26-at-13.26.44.png
https://wiki.itldc.com/wp-content/uploads/2022/07/Screenshot-2022-07-26-at-13.27.31.png,wiki/legacy/2022-07-Screenshot-2022-07-26-at-13.27.31.png
https://wiki.itldc.com/wp-content/uploads/2022/07/Screenshot-2022-07-26-at-13.33.01.png,wiki/legacy/2022-07-Screenshot-2022-07-26-at-13.33.01.png
https://wiki.itldc.com/wp-content/uploads/2022/07/Screenshot-2022-07-26-at-13.33.34-1.png,wiki/legacy/2022-07-Screenshot-2022-07-26-at-13.33.34-1.png
https://wiki.itldc.com/wp-content/uploads/2022/07/Screenshot-2022-07-26-at-13.34.45.png,wiki/legacy/2022-07-Screenshot-2022-07-26-at-13.34.45.png
https://wiki.itldc.com/wp-content/uploads/2022/07/Screenshot-2022-07-26-at-13.35.04.png,wiki/legacy/2022-07-Screenshot-2022-07-26-at-13.35.04.png
https://wiki.itldc.com/wp-content/uploads/2023/07/adhhshgsdf-1024x746.jpg,wiki/legacy/2023-07-adhhshgsdf-1024x746.jpg
https://wiki.itldc.com/wp-content/uploads/2023/07/Screenshot-2023-07-07-at-15.47.39-1024x529.png,wiki/legacy/2023-07-Screenshot-2023-07-07-at-15.47.39-1024x529.png
https://wiki.itldc.com/wp-content/uploads/2023/07/Screenshot-2023-07-07-at-15.58.19-1024x529.png,wiki/legacy/2023-07-Screenshot-2023-07-07-at-15.58.19-1024x529.png
https://wiki.itldc.com/wp-content/uploads/2024/05/Screenshot-2024-05-15-at-13.46.22.png,wiki/legacy/2024-05-Screenshot-2024-05-15-at-13.46.22.png
https://wiki.itldc.com/wp-content/uploads/2024/05/Screenshot-2024-05-15-at-13.53.13.png,wiki/legacy/2024-05-Screenshot-2024-05-15-at-13.53.13.png
https://wiki.itldc.com/wp-content/uploads/2024/05/Screenshot-2024-05-15-at-13.54.03-1024x492.png,wiki/legacy/2024-05-Screenshot-2024-05-15-at-13.54.03-1024x492.png
https://wiki.itldc.com/wp-content/uploads/2024/05/Screenshot-2024-05-15-at-13.55.21-1024x713.png,wiki/legacy/2024-05-Screenshot-2024-05-15-at-13.55.21-1024x713.png
https://wiki.itldc.com/wp-content/uploads/2024/05/Screenshot-2024-05-15-at-14.02.05-1024x777.png,wiki/legacy/2024-05-Screenshot-2024-05-15-at-14.02.05-1024x777.png
https://wiki.itldc.com/wp-content/uploads/2024/05/Screenshot-2024-05-15-at-14.03.08-1024x431.png,wiki/legacy/2024-05-Screenshot-2024-05-15-at-14.03.08-1024x431.png
https://wiki.itldc.com/wp-content/uploads/2024/05/Screenshot-2024-05-15-at-13.32.28.png,wiki/legacy/2024-05-Screenshot-2024-05-15-at-13.32.28.png
https://wiki.itldc.com/wp-content/uploads/2024/05/Screenshot-2024-05-15-at-13.34.36.png,wiki/legacy/2024-05-Screenshot-2024-05-15-at-13.34.36.png
https://wiki.itldc.com/wp-content/uploads/2024/05/Screenshot-2024-05-15-at-13.35.09.png,wiki/legacy/2024-05-Screenshot-2024-05-15-at-13.35.09.png
https://wiki.itldc.com/wp-content/uploads/2022/09/Screenshot-2022-09-26-at-15.45.18.png,wiki/legacy/2022-09-Screenshot-2022-09-26-at-15.45.18.png
https://wiki.itldc.com/wp-content/uploads/2022/09/Screenshot-2022-09-26-at-15.45.33.png,wiki/legacy/2022-09-Screenshot-2022-09-26-at-15.45.33.png
https://wiki.itldc.com/wp-content/uploads/2022/09/Screenshot-2022-09-26-at-15.46.02.png,wiki/legacy/2022-09-Screenshot-2022-09-26-at-15.46.02.png
https://wiki.itldc.com/wp-content/uploads/2022/09/Screenshot-2022-09-26-at-15.25.44.png,wiki/legacy/2022-09-Screenshot-2022-09-26-at-15.25.44.png
https://wiki.itldc.com/wp-content/uploads/2022/09/Screenshot-2022-09-26-at-15.25.59.png,wiki/legacy/2022-09-Screenshot-2022-09-26-at-15.25.59.png
https://wiki.itldc.com/wp-content/uploads/2022/09/Screenshot-2022-09-26-at-15.26.21.png,wiki/legacy/2022-09-Screenshot-2022-09-26-at-15.26.21.png
https://wiki.itldc.com/wp-content/uploads/2022/09/Screenshot-2022-09-26-at-15.26.44.png,wiki/legacy/2022-09-Screenshot-2022-09-26-at-15.26.44.png
https://wiki.itldc.com/wp-content/uploads/2022/09/Screenshot-2022-09-26-at-15.27.00.png,wiki/legacy/2022-09-Screenshot-2022-09-26-at-15.27.00.png
https://wiki.itldc.com/wp-content/uploads/2022/09/Screenshot-2022-09-26-at-15.27.51.png,wiki/legacy/2022-09-Screenshot-2022-09-26-at-15.27.51.png
https://wiki.itldc.com/wp-content/uploads/2024/05/Screenshot-2024-05-22-at-15.08.30-1024x132.png,wiki/legacy/2024-05-Screenshot-2024-05-22-at-15.08.30-1024x132.png
https://wiki.itldc.com/wp-content/uploads/2024/05/Screenshot-2024-05-22-at-15.20.03.png,wiki/legacy/2024-05-Screenshot-2024-05-22-at-15.20.03.png
https://wiki.itldc.com/wp-content/uploads/2024/05/Screenshot-2024-05-22-at-16.03.49-1024x617.png,wiki/legacy/2024-05-Screenshot-2024-05-22-at-16.03.49-1024x617.png
https://wiki.itldc.com/wp-content/uploads/2024/05/Screenshot-2024-05-22-at-16.05.07-1024x617.png,wiki/legacy/2024-05-Screenshot-2024-05-22-at-16.05.07-1024x617.png
https://wiki.itldc.com/wp-content/uploads/2024/05/Screenshot-2024-05-22-at-16.06.33-1-1024x617.png,wiki/legacy/2024-05-Screenshot-2024-05-22-at-16.06.33-1-1024x617.png
https://wiki.itldc.com/wp-content/uploads/2024/05/Screenshot-2024-05-22-at-16.08.08.png,wiki/legacy/2024-05-Screenshot-2024-05-22-at-16.08.08.png
https://wiki.itldc.com/wp-content/uploads/2022/07/Screenshot-2024-10-10-at-13.49.30.png,wiki/legacy/2022-07-Screenshot-2024-10-10-at-13.49.30.png
https://wiki.itldc.com/wp-content/uploads/2022/07/Screenshot-2024-10-10-at-13.51.25-1024x421.png,wiki/legacy/2022-07-Screenshot-2024-10-10-at-13.51.25-1024x421.png
https://wiki.itldc.com/wp-content/uploads/2022/07/Screenshot-2024-10-10-at-13.52.51-1024x453.png,wiki/legacy/2022-07-Screenshot-2024-10-10-at-13.52.51-1024x453.png
https://wiki.itldc.com/wp-content/uploads/2022/07/Screenshot-2024-10-10-at-13.54.11.png,wiki/legacy/2022-07-Screenshot-2024-10-10-at-13.54.11.png
https://wiki.itldc.com/wp-content/uploads/2022/07/Screenshot-2024-10-10-at-13.56.00-1024x458.png,wiki/legacy/2022-07-Screenshot-2024-10-10-at-13.56.00-1024x458.png
https://wiki.itldc.com/wp-content/uploads/2022/07/Screenshot-2024-10-10-at-15.55.43.png,wiki/legacy/2022-07-Screenshot-2024-10-10-at-15.55.43.png
https://wiki.itldc.com/wp-content/uploads/2022/07/Screenshot-2024-10-10-at-15.48.27-1024x730.png,wiki/legacy/2022-07-Screenshot-2024-10-10-at-15.48.27-1024x730.png
https://wiki.itldc.com/wp-content/uploads/2023/07/Screenshot-2023-07-04-at-12.08.13.png,wiki/legacy/2023-07-Screenshot-2023-07-04-at-12.08.13.png
https://wiki.itldc.com/wp-content/uploads/2023/07/Screenshot-2023-07-04-at-12.18.39.png,wiki/legacy/2023-07-Screenshot-2023-07-04-at-12.18.39.png
https://wiki.itldc.com/wp-content/uploads/2023/07/Screenshot-2023-07-04-at-12.24.00.png,wiki/legacy/2023-07-Screenshot-2023-07-04-at-12.24.00.png
https://wiki.itldc.com/wp-content/uploads/2024/05/Screenshot-2024-05-15-at-11.35.38.png,wiki/legacy/2024-05-Screenshot-2024-05-15-at-11.35.38.png
https://wiki.itldc.com/wp-content/uploads/2024/05/Screenshot-2024-05-15-at-11.38.11-1024x360.png,wiki/legacy/2024-05-Screenshot-2024-05-15-at-11.38.11-1024x360.png
https://wiki.itldc.com/wp-content/uploads/2024/05/Screenshot-2024-05-15-at-11.39.38-1024x523.png,wiki/legacy/2024-05-Screenshot-2024-05-15-at-11.39.38-1024x523.png
https://wiki.itldc.com/wp-content/uploads/2024/05/Screenshot-2024-05-15-at-11.35.38-1.png,wiki/legacy/2024-05-Screenshot-2024-05-15-at-11.35.38-1.png
https://wiki.itldc.com/wp-content/uploads/2024/05/Screenshot-2024-05-15-at-11.48.49.png,wiki/legacy/2024-05-Screenshot-2024-05-15-at-11.48.49.png
https://wiki.itldc.com/wp-content/uploads/2024/05/Screenshot-2024-05-15-at-11.50.16-1024x738.png,wiki/legacy/2024-05-Screenshot-2024-05-15-at-11.50.16-1024x738.png
https://wiki.itldc.com/wp-content/uploads/2024/05/Screenshot-2024-05-22-at-15.08.30-2-1024x132.png,wiki/legacy/2024-05-Screenshot-2024-05-22-at-15.08.30-2-1024x132.png
https://wiki.itldc.com/wp-content/uploads/2024/05/Screenshot-2024-05-22-at-16.21.47.png,wiki/legacy/2024-05-Screenshot-2024-05-22-at-16.21.47.png
https://wiki.itldc.com/wp-content/uploads/2024/05/Screenshot-2024-05-22-at-16.22.20.png,wiki/legacy/2024-05-Screenshot-2024-05-22-at-16.22.20.png
https://wiki.itldc.com/wp-content/uploads/2022/06/Screenshot-2024-11-18-at-16.14.45-1024x148.png,wiki/legacy/2022-06-Screenshot-2024-11-18-at-16.14.45-1024x148.png
https://wiki.itldc.com/wp-content/uploads/2022/06/Screenshot-2024-11-18-at-16.16.13-1024x308.png,wiki/legacy/2022-06-Screenshot-2024-11-18-at-16.16.13-1024x308.png
https://wiki.itldc.com/wp-content/uploads/2022/06/Screenshot-2024-11-18-at-16.17.06-1024x452.png,wiki/legacy/2022-06-Screenshot-2024-11-18-at-16.17.06-1024x452.png
https://wiki.itldc.com/wp-content/uploads/2022/06/Screenshot-2024-11-18-at-16.19.32-1024x305.png,wiki/legacy/2022-06-Screenshot-2024-11-18-at-16.19.32-1024x305.png
https://wiki.itldc.com/wp-content/uploads/2024/05/Screenshot-2024-05-15-at-14.33.55-1024x146.png,wiki/legacy/2024-05-Screenshot-2024-05-15-at-14.33.55-1024x146.png
https://wiki.itldc.com/wp-content/uploads/2024/05/Screenshot-2024-05-15-at-14.33.31-1-1024x556.png,wiki/legacy/2024-05-Screenshot-2024-05-15-at-14.33.31-1-1024x556.png
https://wiki.itldc.com/wp-content/uploads/2024/05/Screenshot-2024-05-15-at-14.33.41-1024x556.png,wiki/legacy/2024-05-Screenshot-2024-05-15-at-14.33.41-1024x556.png
https://wiki.itldc.com/wp-content/uploads/2022/07/click-to-screen-1024x858.jpg,wiki/legacy/2022-07-click-to-screen-1024x858.jpg
https://wiki.itldc.com/wp-content/uploads/2024/05/Screenshot-2024-05-22-at-16.34.20-1024x297.png,wiki/legacy/2024-05-Screenshot-2024-05-22-at-16.34.20-1024x297.png
https://wiki.itldc.com/wp-content/uploads/2024/05/Screenshot-2024-05-22-at-16.35.13.png,wiki/legacy/2024-05-Screenshot-2024-05-22-at-16.35.13.png
https://wiki.itldc.com/wp-content/uploads/2024/05/Screenshot-2024-05-22-at-16.36.19.png,wiki/legacy/2024-05-Screenshot-2024-05-22-at-16.36.19.png
https://wiki.itldc.com/wp-content/uploads/2021/08/Welcome-ITLD-1-1024x395.png,wiki/legacy/2021-08-Welcome-ITLD-1-1024x395.png
https://wiki.itldc.com/wp-content/uploads/2022/06/Registration-1-edited.png,wiki/legacy/2022-06-Registration-1-edited.png
https://wiki.itldc.com/wp-content/uploads/2022/06/Screenshot-2022-06-21-at-15.36.30-1024x683.png,wiki/legacy/2022-06-Screenshot-2022-06-21-at-15.36.30-1024x683.png
https://wiki.itldc.com/wp-content/uploads/2023/08/Screenshot-2023-08-04-at-14.28.40-1024x923.png,wiki/legacy/2023-08-Screenshot-2023-08-04-at-14.28.40-1024x923.png
https://wiki.itldc.com/wp-content/uploads/2023/08/Screenshot-2023-08-04-at-14.28.56-1024x923.png,wiki/legacy/2023-08-Screenshot-2023-08-04-at-14.28.56-1024x923.png
https://wiki.itldc.com/wp-content/uploads/2023/08/Screenshot-2023-08-04-at-14.29.13-1024x923.png,wiki/legacy/2023-08-Screenshot-2023-08-04-at-14.29.13-1024x923.png
https://wiki.itldc.com/wp-content/uploads/2023/08/Screenshot-2023-08-04-at-14.29.24-edited-1.png,wiki/legacy/2023-08-Screenshot-2023-08-04-at-14.29.24-edited-1.png
https://wiki.itldc.com/wp-content/uploads/2023/08/Screenshot-2023-08-04-at-14.29.33-edited.png,wiki/legacy/2023-08-Screenshot-2023-08-04-at-14.29.33-edited.png
https://wiki.itldc.com/wp-content/uploads/2023/08/Screenshot-2023-08-04-at-14.29.42-1024x923.png,wiki/legacy/2023-08-Screenshot-2023-08-04-at-14.29.42-1024x923.png
https://wiki.itldc.com/wp-content/uploads/2023/08/Screenshot-2023-08-04-at-14.29.51-1024x923.png,wiki/legacy/2023-08-Screenshot-2023-08-04-at-14.29.51-1024x923.png
https://wiki.itldc.com/wp-content/uploads/2023/08/Screenshot-2023-08-04-at-14.30.05-1024x923.png,wiki/legacy/2023-08-Screenshot-2023-08-04-at-14.30.05-1024x923.png
https://wiki.itldc.com/wp-content/uploads/2023/08/Screenshot-2023-08-04-at-14.30.32-1024x923.png,wiki/legacy/2023-08-Screenshot-2023-08-04-at-14.30.32-1024x923.png
https://wiki.itldc.com/wp-content/uploads/2023/08/Screenshot-2023-08-04-at-14.31.05-1024x923.png,wiki/legacy/2023-08-Screenshot-2023-08-04-at-14.31.05-1024x923.png
https://wiki.itldc.com/wp-content/uploads/2023/08/Screenshot-2023-08-04-at-14.31.34-1024x923.png,wiki/legacy/2023-08-Screenshot-2023-08-04-at-14.31.34-1024x923.png
https://wiki.itldc.com/wp-content/uploads/2023/08/Screenshot-2023-08-04-at-14.31.58-1024x923.png,wiki/legacy/2023-08-Screenshot-2023-08-04-at-14.31.58-1024x923.png
https://wiki.itldc.com/wp-content/uploads/2023/08/Screenshot-2023-08-04-at-14.32.18-1024x923.png,wiki/legacy/2023-08-Screenshot-2023-08-04-at-14.32.18-1024x923.png
https://wiki.itldc.com/wp-content/uploads/2023/08/Screenshot-2023-08-04-at-14.32.25-1024x923.png,wiki/legacy/2023-08-Screenshot-2023-08-04-at-14.32.25-1024x923.png
https://wiki.itldc.com/wp-content/uploads/2022/07/Screenshot-2022-07-05-at-13.53.51.png,wiki/legacy/2022-07-Screenshot-2022-07-05-at-13.53.51.png
https://wiki.itldc.com/wp-content/uploads/2022/07/Screenshot-2022-07-05-at-14.00.43.png,wiki/legacy/2022-07-Screenshot-2022-07-05-at-14.00.43.png
https://wiki.itldc.com/wp-content/uploads/2022/07/Screenshot-2022-07-05-at-14.08.46.png,wiki/legacy/2022-07-Screenshot-2022-07-05-at-14.08.46.png
https://wiki.itldc.com/wp-content/uploads/2022/07/Screenshot-2022-07-05-at-14.12.01.png,wiki/legacy/2022-07-Screenshot-2022-07-05-at-14.12.01.png
https://wiki.itldc.com/wp-content/uploads/2023/07/Screenshot-2023-07-12-at-15.36.54-1-622x1024.png,wiki/legacy/2023-07-Screenshot-2023-07-12-at-15.36.54-1-622x1024.png
https://wiki.itldc.com/wp-content/uploads/2023/07/Amnezia1-1-622x1024.jpg,wiki/legacy/2023-07-Amnezia1-1-622x1024.jpg
https://wiki.itldc.com/wp-content/uploads/2023/07/Screenshot-2023-07-12-at-13.39.23-622x1024.png,wiki/legacy/2023-07-Screenshot-2023-07-12-at-13.39.23-622x1024.png
https://wiki.itldc.com/wp-content/uploads/2023/07/Screenshot-2023-07-12-at-13.39.31-622x1024.png,wiki/legacy/2023-07-Screenshot-2023-07-12-at-13.39.31-622x1024.png
https://wiki.itldc.com/wp-content/uploads/2023/07/Screenshot-2023-07-12-at-13.39.39-1-622x1024.png,wiki/legacy/2023-07-Screenshot-2023-07-12-at-13.39.39-1-622x1024.png
https://wiki.itldc.com/wp-content/uploads/2023/07/Screenshot-2023-07-12-at-13.39.47-622x1024.png,wiki/legacy/2023-07-Screenshot-2023-07-12-at-13.39.47-622x1024.png
https://wiki.itldc.com/wp-content/uploads/2023/07/Screenshot-2023-07-12-at-13.39.53-622x1024.png,wiki/legacy/2023-07-Screenshot-2023-07-12-at-13.39.53-622x1024.png
https://wiki.itldc.com/wp-content/uploads/2023/08/Screenshot-2023-08-08-at-11.49.37-977x1024.png,wiki/legacy/2023-08-Screenshot-2023-08-08-at-11.49.37-977x1024.png
https://wiki.itldc.com/wp-content/uploads/2023/08/Screenshot-2023-08-08-at-11.58.05.png,wiki/legacy/2023-08-Screenshot-2023-08-08-at-11.58.05.png
https://wiki.itldc.com/wp-content/uploads/2023/08/1-1024x728.jpg,wiki/legacy/2023-08-1-1024x728.jpg
https://wiki.itldc.com/wp-content/uploads/2023/08/2-1024x728.jpg,wiki/legacy/2023-08-2-1024x728.jpg
https://wiki.itldc.com/wp-content/uploads/2023/08/3-1024x728.jpg,wiki/legacy/2023-08-3-1024x728.jpg
https://wiki.itldc.com/wp-content/uploads/2023/08/4-1024x728.jpg,wiki/legacy/2023-08-4-1024x728.jpg
https://wiki.itldc.com/wp-content/uploads/2023/08/5-1024x728.jpg,wiki/legacy/2023-08-5-1024x728.jpg
https://wiki.itldc.com/wp-content/uploads/2023/08/6-1024x728.jpg,wiki/legacy/2023-08-6-1024x728.jpg
https://wiki.itldc.com/wp-content/uploads/2022/08/Screenshot-2024-09-02-at-14.14.56.png,wiki/legacy/2022-08-Screenshot-2024-09-02-at-14.14.56.png
https://wiki.itldc.com/wp-content/uploads/2022/08/Screenshot-2024-09-02-at-14.16.19.png,wiki/legacy/2022-08-Screenshot-2024-09-02-at-14.16.19.png
https://wiki.itldc.com/wp-content/uploads/2022/07/Screenshot-2024-10-11-at-11.25.48.png,wiki/legacy/2022-07-Screenshot-2024-10-11-at-11.25.48.png
https://wiki.itldc.com/wp-content/uploads/2022/06/Screenshot-2024-09-02-at-13.48.23.png,wiki/legacy/2022-06-Screenshot-2024-09-02-at-13.48.23.png
https://wiki.itldc.com/wp-content/uploads/2022/06/Screenshot-2024-09-02-at-13.55.18-1024x422.png,wiki/legacy/2022-06-Screenshot-2024-09-02-at-13.55.18-1024x422.png
https://wiki.itldc.com/wp-content/uploads/2022/06/Screenshot-2024-09-02-at-13.58.49.png,wiki/legacy/2022-06-Screenshot-2024-09-02-at-13.58.49.png
https://wiki.itldc.com/wp-content/uploads/2022/07/Screenshot-2022-07-06-at-15.47.54.png,wiki/legacy/2022-07-Screenshot-2022-07-06-at-15.47.54.png
https://wiki.itldc.com/wp-content/uploads/2022/07/Screenshot-2022-07-06-at-15.50.24.png,wiki/legacy/2022-07-Screenshot-2022-07-06-at-15.50.24.png
https://wiki.itldc.com/wp-content/uploads/2022/07/Screenshot-2022-07-06-at-15.51.44.png,wiki/legacy/2022-07-Screenshot-2022-07-06-at-15.51.44.png
https://wiki.itldc.com/wp-content/uploads/2022/07/Screenshot-2022-07-25-at-14.03.50.png,wiki/legacy/2022-07-Screenshot-2022-07-25-at-14.03.50.png
https://wiki.itldc.com/wp-content/uploads/2022/07/Screenshot-2022-07-25-at-14.09.01.png,wiki/legacy/2022-07-Screenshot-2022-07-25-at-14.09.01.png
https://wiki.itldc.com/wp-content/uploads/2022/07/Screenshot-2022-07-25-at-14.19.18.png,wiki/legacy/2022-07-Screenshot-2022-07-25-at-14.19.18.png
https://wiki.itldc.com/wp-content/uploads/2022/07/Screenshot-2022-07-25-at-14.19.56.png,wiki/legacy/2022-07-Screenshot-2022-07-25-at-14.19.56.png
https://wiki.itldc.com/wp-content/uploads/2022/07/Screenshot-2022-07-25-at-14.20.42.png,wiki/legacy/2022-07-Screenshot-2022-07-25-at-14.20.42.png
https://wiki.itldc.com/wp-content/uploads/2024/05/Screenshot-2024-05-15-at-11.35.38-2.png,wiki/legacy/2024-05-Screenshot-2024-05-15-at-11.35.38-2.png
https://wiki.itldc.com/wp-content/uploads/2024/05/Screenshot-2024-05-15-at-11.38.11-1-1024x360.png,wiki/legacy/2024-05-Screenshot-2024-05-15-at-11.38.11-1-1024x360.png
https://wiki.itldc.com/wp-content/uploads/2021/08/Screenshot-2025-03-23-at-16.21.52-1.png,wiki/legacy/2021-08-Screenshot-2025-03-23-at-16.21.52-1.png
https://wiki.itldc.com/wp-content/uploads/2024/06/Screenshot-2024-06-19-at-12.47.08-1024x541.png,wiki/legacy/2024-06-Screenshot-2024-06-19-at-12.47.08-1024x541.png
https://wiki.itldc.com/wp-content/uploads/2024/06/Screenshot-2024-06-19-at-12.48.04-1024x541.png,wiki/legacy/2024-06-Screenshot-2024-06-19-at-12.48.04-1024x541.png
https://wiki.itldc.com/wp-content/uploads/2024/06/Screenshot-2024-06-19-at-12.48.19-1024x541.png,wiki/legacy/2024-06-Screenshot-2024-06-19-at-12.48.19-1024x541.png
https://wiki.itldc.com/wp-content/uploads/2022/06/Screenshot-2025-10-30-at-9.56.58-1024x405.png,wiki/legacy/2022-06-Screenshot-2025-10-30-at-9.56.58-1024x405.png
https://wiki.itldc.com/wp-content/uploads/2022/06/Screenshot-2025-10-30-at-9.57.10-1024x943.png,wiki/legacy/2022-06-Screenshot-2025-10-30-at-9.57.10-1024x943.png
https://wiki.itldc.com/wp-content/uploads/2022/06/Screenshot-2025-10-30-at-9.57.18.png,wiki/legacy/2022-06-Screenshot-2025-10-30-at-9.57.18.png
https://wiki.itldc.com/wp-content/uploads/2022/07/Screenshot-2022-07-01-at-14.31.04.png,wiki/legacy/2022-07-Screenshot-2022-07-01-at-14.31.04.png
https://wiki.itldc.com/wp-content/uploads/2022/07/Screenshot-2022-07-01-at-14.32.06.png,wiki/legacy/2022-07-Screenshot-2022-07-01-at-14.32.06.png
https://wiki.itldc.com/wp-content/uploads/2022/07/Screenshot-2022-07-01-at-14.32.48.png,wiki/legacy/2022-07-Screenshot-2022-07-01-at-14.32.48.png
https://wiki.itldc.com/wp-content/uploads/2022/07/Screenshot-2022-07-01-at-14.34.05.png,wiki/legacy/2022-07-Screenshot-2022-07-01-at-14.34.05.png
https://wiki.itldc.com/wp-content/uploads/2022/07/Screenshot-2022-07-01-at-14.35.01.png,wiki/legacy/2022-07-Screenshot-2022-07-01-at-14.35.01.png
https://wiki.itldc.com/wp-content/uploads/2022/07/Screenshot-2022-07-01-at-14.38.10.png,wiki/legacy/2022-07-Screenshot-2022-07-01-at-14.38.10.png
https://wiki.itldc.com/wp-content/uploads/2022/07/Screenshot-2022-07-01-at-14.40.34.png,wiki/legacy/2022-07-Screenshot-2022-07-01-at-14.40.34.png
https://wiki.itldc.com/wp-content/uploads/2022/07/Screenshot-2022-07-01-at-14.41.56.png,wiki/legacy/2022-07-Screenshot-2022-07-01-at-14.41.56.png
